Model,fm,length,mtom,span,tofl,vapp,vz
GaussianProcessRegressor,0.925438,0.919616,0.898715,0.933115,0.777545,0.938336,0.897813
GradientBoostingRegressor,0.89704,0.984267,0.657347,0.929763,0.645578,0.861542,0.790447
LinearRegressor,0.92894,1.0,0.887379,0.960305,0.752226,0.960545,0.898547
MLPRegressor,0.920942,0.951816,0.827654,0.862871,0.469568,0.729776,0.866151
PolynomialRegressor,0.99497,1.0,0.969844,0.998496,0.958616,0.996534,0.977545
RandomForestRegressor,0.681324,0.662997,0.490759,0.570616,0.403377,0.665139,0.365585
MOERegressor,0.863773,0.882455,0.853449,0.795825,0.401247,0.882298,0.518671
