Model,fm,length,mtom,span,tofl,vapp,vz
GaussianProcessRegressor,0.941393,0.919584,0.881129,0.928925,0.785573,0.940082,0.897317
GradientBoostingRegressor,0.946996,0.986315,0.787265,0.932991,0.559138,0.89789,0.801281
LinearRegressor,0.973462,1.0,0.972641,0.960305,0.794414,0.962497,0.909829
MLPRegressor,0.886689,0.964245,0.918288,0.869125,0.541685,0.69823,0.881995
PolynomialRegressor,0.953984,1.0,0.969773,0.998496,0.970057,0.995521,0.977629
RandomForestRegressor,0.646491,0.689949,0.599064,0.653732,0.357623,0.571087,0.449332
RBFRegressor,0.950404,0.943202,0.914887,0.940437,0.803997,0.942716,0.919223
