Model,fm,length,mtom,span,tofl,vapp,vz
GaussianProcessRegressor,0.93771,0.930187,0.908672,0.937083,0.770925,0.940776,0.898666
GradientBoostingRegressor,0.791003,0.985556,0.801184,0.93032,0.466641,0.874513,0.761801
LinearRegressor,0.950722,1.0,0.970227,0.960305,0.780035,0.958552,0.898293
MLPRegressor,0.836218,0.976014,0.917549,0.867435,0.549121,0.693378,0.887946
PolynomialRegressor,0.99816,1.0,0.996525,0.998496,0.967221,0.997039,0.979941
RandomForestRegressor,0.621777,0.711898,0.57818,0.61382,0.347846,0.498509,0.476341
